CompanyID,CompanyName,Sector,Country,City,FoundedYear,Stage,VerificationStatus,VerificationStep,CTI_Score,CTI_Tier,ProfileCompletenessPct,Employees,AnnualRevenueUSD,TotalFundingUSD,HasFinancials,DiasporaOwned,WomenLed,YouthLed,ListingBucket,Website,Email,Phone,Description,DataSourcesCount,LastUpdated
RMC-100000,Blue Remit,FinTech,Ghana,Accra,2011,Mature,Verified,3,55.0,Silver,84,26,335451.62,21976129.17,True,False,True,True,Latest,https://blueremit.africa,info@blueremit.africa,+221-31-4657,"Blue Remit operates in fintech from Accra, Ghana, serving local and regional markets.",1,2025-09-19
RMC-100001,Delta Build,Construction & Real Estate,South Africa,Johannesburg,2013,Prototype,Pending,1,67.6,Gold,54,21,97.44,0.0,True,False,True,False,Suggested,https://deltabuild.africa,info@deltabuild.africa,+234-94-9935,"Delta Build operates in construction & real estate from Johannesburg, South Africa, serving local and regional markets.",1,2025-05-30
RMC-100002,Umoya Travel,Tourism & Hospitality,Algeria,Algiers,2011,Growth,Verified,3,57.5,Silver,60,33,329525.44,2672365.42,True,True,False,True,Latest,https://umoyatravel.africa,info@umoyatravel.africa,+20-11-4582,"Umoya Travel operates in tourism & hospitality from Algiers, Algeria, serving local and regional markets.",1,2025-08-27
RMC-100003,Savannah Outlet,Retail & Ecommerce,Rwanda,Kigali,2019,Growth,Verified,3,48.5,Silver,88,26,140290.82,9760353.64,True,False,False,True,Suggested,https://savannahoutlet.africa,info@savannahoutlet.africa,+20-71-4257,"Savannah Outlet operates in retail & ecommerce from Kigali, Rwanda, serving local and regional markets.",1,2025-06-04
RMC-100004,Umoya Market,Retail & Ecommerce,Tunisia,Tunis,2022,Growth,Unverified,1,84.2,Platinum,55,52,165247.61,0.0,True,True,True,True,Latest,https://umoyamarket.africa,info@umoyamarket.africa,+227-75-5557,"Umoya Market operates in retail & ecommerce from Tunis, Tunisia, serving local and regional markets.",3,2025-05-09
RMC-100005,Delta Bazaar,Retail & Ecommerce,Uganda,Kampala,2017,Prototype,Pending,1,58.5,Silver,57,20,245.69,0.0,False,False,True,False,Latest,https://deltabazaar.africa,info@deltabazaar.africa,+223-35-3547,"Delta Bazaar operates in retail & ecommerce from Kampala, Uganda, serving local and regional markets.",0,2025-07-27
RMC-100006,Nova Agro,Agriculture,Morocco,Casablanca,2015,Early Revenue,Unverified,2,69.2,Gold,58,22,260561.37,0.0,False,False,True,True,Standard,https://novaagro.africa,info@novaagro.africa,+225-12-6881,"Nova Agro operates in agriculture from Casablanca, Morocco, serving local and regional markets.",1,2025-02-19
RMC-100007,Zuri Works,Manufacturing,Mozambique,Maputo,2014,Early Revenue,Unverified,2,75.1,Gold,43,47,142241.84,0.0,True,False,False,True,Standard,https://zuriworks.africa,info@zuriworks.africa,+227-68-3045,"Zuri Works operates in manufacturing from Maputo, Mozambique, serving local and regional markets.",2,2025-06-03
RMC-100008,Savannah Estate,Construction & Real Estate,Ethiopia,Addis Ababa,2012,Early Revenue,Pending,3,73.7,Gold,47,23,30801.13,907744.66,False,False,False,False,Standard,https://savannahestate.africa,info@savannahestate.africa,+233-79-6925,"Savannah Estate operates in construction & real estate from Addis Ababa, Ethiopia, serving local and regional markets.",0,2025-09-14
RMC-100009,Delta Shop,Retail & Ecommerce,Tanzania,Dar es Salaam,2019,Prototype,Pending,2,47.4,Silver,71,30,706.33,0.0,False,False,True,False,Suggested,https://deltashop.africa,info@deltashop.africa,+211-84-4733,"Delta Shop operates in retail & ecommerce from Dar es Salaam, Tanzania, serving local and regional markets.",0,2025-07-14
RMC-100010,Maji Travel,Tourism & Hospitality,Ethiopia,Addis Ababa,2020,Early Revenue,Verified,3,71.4,Gold,67,29,323688.76,768811.46,True,False,True,True,Latest,https://majitravel.africa,info@majitravel.africa,+225-35-8428,"Maji Travel operates in tourism & hospitality from Addis Ababa, Ethiopia, serving local and regional markets.",4,2025-08-05
RMC-100011,Kora Cloud,ICT / Software,Côte d’Ivoire,Abidjan,2018,Early Revenue,Unverified,3,88.4,Platinum,62,15,60117.72,0.0,False,False,False,False,Standard,https://koracloud.africa,info@koracloud.africa,+224-26-5374,"Kora Cloud operates in ict / software from Abidjan, Côte d’Ivoire, serving local and regional markets.",3,2025-09-15
RMC-100012,Baobab Industries,Manufacturing,Ethiopia,Addis Ababa,2013,Growth,Verified,3,49.2,Silver,77,34,298694.14,3538260.02,True,False,False,True,Standard,https://baobabindustries.africa,info@baobabindustries.africa,+216-68-5010,"Baobab Industries operates in manufacturing from Addis Ababa, Ethiopia, serving local and regional markets.",2,2025-07-17
RMC-100013,Nile Bazaar,Retail & Ecommerce,Uganda,Kampala,2020,Idea,Pending,3,68.6,Gold,74,39,90.66,50762.93,True,True,True,False,Suggested,https://nilebazaar.africa,info@nilebazaar.africa,+221-81-4598,"Nile Bazaar operates in retail & ecommerce from Kampala, Uganda, serving local and regional markets.",0,2025-08-21
RMC-100014,Blue Farms,Agriculture,Morocco,Casablanca,2019,Early Revenue,Verified,3,86.8,Platinum,62,11,75681.54,1020835.41,True,False,True,True,Latest,https://bluefarms.africa,info@bluefarms.africa,+211-40-7572,"Blue Farms operates in agriculture from Casablanca, Morocco, serving local and regional markets.",0,2025-03-17
RMC-100015,Nova Energy,Energy & Renewables,Senegal,Dakar,2019,Prototype,Pending,1,55.0,Silver,62,33,77.94,175898.17,True,True,False,False,Standard,https://novaenergy.africa,info@novaenergy.africa,+231-91-6155,"Nova Energy operates in energy & renewables from Dakar, Senegal, serving local and regional markets.",1,2025-02-01
RMC-100016,Umoya Renew,Energy & Renewables,Namibia,Windhoek,2014,Early Revenue,Verified,3,52.7,Silver,75,25,33296.3,927109.98,True,False,False,True,Standard,https://umoyarenew.africa,info@umoyarenew.africa,+227-18-5339,"Umoya Renew operates in energy & renewables from Windhoek, Namibia, serving local and regional markets.",3,2025-08-24
RMC-100017,Maji Urban,Construction & Real Estate,South Africa,Johannesburg,2021,Mature,Pending,3,55.4,Silver,57,84,167166.05,30000000.0,True,False,False,False,Latest,https://majiurban.africa,info@majiurban.africa,+230-68-5304,"Maji Urban operates in construction & real estate from Johannesburg, South Africa, serving local and regional markets.",1,2025-06-23
RMC-100018,Umoya Agri,Agriculture,Algeria,Algiers,2015,Early Revenue,Verified,3,48.5,Silver,78,32,61922.87,691479.54,True,False,False,False,Standard,https://umoyaagri.africa,info@umoyaagri.africa,+225-46-4593,"Umoya Agri operates in agriculture from Algiers, Algeria, serving local and regional markets.",0,2025-08-25
RMC-100019,Savannah Bazaar,Retail & Ecommerce,South Africa,Johannesburg,2021,Growth,Verified,3,58.8,Silver,81,58,111089.85,1462530.37,True,True,False,False,Standard,https://savannahbazaar.africa,info@savannahbazaar.africa,+212-96-1771,"Savannah Bazaar operates in retail & ecommerce from Johannesburg, South Africa, serving local and regional markets.",0,2025-02-05
RMC-100020,Kora Class,Education,Ghana,Accra,2015,Early Revenue,Verified,3,62.2,Silver,79,7,18484.55,875830.71,True,False,False,False,Latest,https://koraclass.africa,info@koraclass.africa,+216-87-7916,"Kora Class operates in education from Accra, Ghana, serving local and regional markets.",0,2025-09-07
RMC-100021,Nova Stay,Tourism & Hospitality,Mozambique,Maputo,2023,Growth,Pending,3,30.1,Bronze,55,14,304737.23,0.0,False,False,False,True,Standard,https://novastay.africa,info@novastay.africa,+225-76-8668,"Nova Stay operates in tourism & hospitality from Maputo, Mozambique, serving local and regional markets.",1,2025-08-05
RMC-100022,Savannah Build,Construction & Real Estate,Senegal,Dakar,2010,Mature,Verified,3,66.4,Gold,64,111,689382.88,5004141.6,False,False,False,False,Latest,https://savannahbuild.africa,info@savannahbuild.africa,+234-92-2876,"Savannah Build operates in construction & real estate from Dakar, Senegal, serving local and regional markets.",8,2025-10-01
RMC-100023,Zuri Mall,Retail & Ecommerce,Tunisia,Tunis,2018,Mature,Verified,3,81.2,Platinum,80,23,78645.73,0.0,True,False,False,False,Standard,https://zurimall.africa,info@zurimall.africa,+223-14-5808,"Zuri Mall operates in retail & ecommerce from Tunis, Tunisia, serving local and regional markets.",0,2025-01-30
RMC-100024,Kora Makers,Manufacturing,Zambia,Lusaka,2019,Growth,Unverified,3,59.9,Silver,64,68,39855.21,7276688.26,False,False,False,True,Standard,https://koramakers.africa,info@koramakers.africa,+20-92-5315,"Kora Makers operates in manufacturing from Lusaka, Zambia, serving local and regional markets.",1,2025-09-22
RMC-100025,Savannah Agro,Agriculture,Uganda,Kampala,2017,Idea,Unverified,3,92.8,Platinum,58,7,36.19,17336.42,True,True,True,True,Latest,https://savannahagro.africa,info@savannahagro.africa,+233-38-9317,"Savannah Agro operates in agriculture from Kampala, Uganda, serving local and regional markets.",1,2025-08-03
RMC-100026,Kora Swift,Logistics & Mobility,Tanzania,Dar es Salaam,2018,Growth,Unverified,1,54.0,Silver,55,49,321606.3,1613246.43,True,False,False,False,Standard,https://koraswift.africa,info@koraswift.africa,+216-69-9689,"Kora Swift operates in logistics & mobility from Dar es Salaam, Tanzania, serving local and regional markets.",2,2025-02-20
RMC-100027,Atlas Bazaar,Retail & Ecommerce,Mozambique,Maputo,2012,Early Revenue,Pending,2,61.3,Silver,54,15,31271.92,0.0,False,False,True,False,Suggested,https://atlasbazaar.africa,info@atlasbazaar.africa,+20-14-6947,"Atlas Bazaar operates in retail & ecommerce from Maputo, Mozambique, serving local and regional markets.",2,2025-08-12
RMC-100028,Blue Farms,Agriculture,Rwanda,Kigali,2015,Early Revenue,Verified,3,70.4,Gold,70,8,77113.04,172865.31,False,True,True,True,Suggested,https://bluefarms.africa,info@bluefarms.africa,+231-10-2403,"Blue Farms operates in agriculture from Kigali, Rwanda, serving local and regional markets.",4,2025-08-18
RMC-100029,Nova Wellness,Healthcare,Namibia,Windhoek,2009,Mature,Pending,3,66.2,Gold,30,43,157929.02,14154607.79,True,False,True,True,Latest,https://novawellness.africa,info@novawellness.africa,+214-16-8787,"Nova Wellness operates in healthcare from Windhoek, Namibia, serving local and regional markets.",0,2025-09-08
RMC-100030,Zuri Outlet,Retail & Ecommerce,Uganda,Kampala,2020,Idea,Verified,3,51.1,Silver,100,10,106.54,16156.4,False,False,False,True,Standard,https://zurioutlet.africa,info@zurioutlet.africa,+232-54-4470,"Zuri Outlet operates in retail & ecommerce from Kampala, Uganda, serving local and regional markets.",3,2025-06-19
RMC-100031,Delta Brew,Food & Beverage,Tunisia,Tunis,2018,Prototype,Unverified,2,80.0,Platinum,57,24,41.83,286889.12,True,False,False,True,Standard,https://deltabrew.africa,info@deltabrew.africa,+218-91-6107,"Delta Brew operates in food & beverage from Tunis, Tunisia, serving local and regional markets.",1,2025-08-15
RMC-100032,Nile Fabrication,Manufacturing,Côte d’Ivoire,Abidjan,2010,Prototype,Verified,3,76.5,Gold,78,39,320.79,132030.04,True,False,False,True,Standard,https://nilefabrication.africa,info@nilefabrication.africa,+227-15-5061,"Nile Fabrication operates in manufacturing from Abidjan, Côte d’Ivoire, serving local and regional markets.",1,2025-04-04
RMC-100033,Nova Cart,Retail & Ecommerce,Rwanda,Kigali,2014,Early Revenue,Verified,3,68.2,Gold,100,18,78517.77,1853141.86,False,True,True,True,Standard,https://novacart.africa,info@novacart.africa,+20-75-4770,"Nova Cart operates in retail & ecommerce from Kigali, Rwanda, serving local and regional markets.",1,2025-09-29
RMC-100034,Maji Works,Manufacturing,Algeria,Algiers,2016,Idea,Verified,3,65.8,Gold,64,23,80.22,62546.3,False,False,False,False,Standard,https://majiworks.africa,info@majiworks.africa,+212-90-1964,"Maji Works operates in manufacturing from Algiers, Algeria, serving local and regional markets.",1,2025-07-31
RMC-100035,Nova Tech,ICT / Software,Rwanda,Kigali,2013,Early Revenue,Pending,1,53.3,Silver,49,13,85544.94,0.0,True,False,False,False,Suggested,https://novatech.africa,info@novatech.africa,+223-09-9423,"Nova Tech operates in ict / software from Kigali, Rwanda, serving local and regional markets.",0,2025-09-02
RMC-100036,Sahara Wind,Energy & Renewables,Senegal,Dakar,2014,Early Revenue,Verified,3,45.4,Silver,100,34,8300.54,534959.82,False,True,True,False,Latest,https://saharawind.africa,info@saharawind.africa,+218-69-3167,"Sahara Wind operates in energy & renewables from Dakar, Senegal, serving local and regional markets.",3,2025-08-28
RMC-100037,Baobab Cargo,Logistics & Mobility,Algeria,Algiers,2011,Prototype,Unverified,1,61.0,Silver,67,7,131.33,139271.66,True,True,False,True,Suggested,https://baobabcargo.africa,info@baobabcargo.africa,+220-60-7669,"Baobab Cargo operates in logistics & mobility from Algiers, Algeria, serving local and regional markets.",0,2025-08-01
RMC-100038,Nova Green,Agriculture,Ghana,Accra,2017,Growth,Verified,3,47.9,Silver,57,25,411458.66,1554849.83,True,False,False,False,Latest,https://novagreen.africa,info@novagreen.africa,+226-45-7939,"Nova Green operates in agriculture from Accra, Ghana, serving local and regional markets.",2,2024-12-06
RMC-100039,Nile Voyage,Tourism & Hospitality,Zambia,Lusaka,2018,Growth,Unverified,1,82.2,Platinum,87,29,393423.34,2144480.25,False,False,True,True,Standard,https://nilevoyage.africa,info@nilevoyage.africa,+211-86-2612,"Nile Voyage operates in tourism & hospitality from Lusaka, Zambia, serving local and regional markets.",1,2025-04-07
RMC-100040,Delta Harvest,Agriculture,Cameroon,Douala,2012,Early Revenue,Verified,3,65.8,Gold,89,17,55356.53,0.0,False,True,False,False,Suggested,https://deltaharvest.africa,info@deltaharvest.africa,+213-31-4139,"Delta Harvest operates in agriculture from Douala, Cameroon, serving local and regional markets.",1,2025-09-16
RMC-100041,Savannah Makers,Manufacturing,Tanzania,Dar es Salaam,2012,Prototype,Pending,2,93.2,Platinum,58,11,112.09,573615.42,True,True,False,False,Standard,https://savannahmakers.africa,info@savannahmakers.africa,+214-54-4006,"Savannah Makers operates in manufacturing from Dar es Salaam, Tanzania, serving local and regional markets.",1,2025-02-04
RMC-100042,Maji Shop,Retail & Ecommerce,Zimbabwe,Harare,2023,Idea,Verified,3,71.5,Gold,89,13,15.7,33503.22,True,False,True,False,Latest,https://majishop.africa,info@majishop.africa,+227-70-2604,"Maji Shop operates in retail & ecommerce from Harare, Zimbabwe, serving local and regional markets.",6,2025-07-25
RMC-100043,Sahara Café,Food & Beverage,Kenya,Nairobi,2019,Mature,Verified,3,61.4,Silver,86,35,383583.18,6463488.36,False,False,False,False,Standard,https://saharacafé.africa,info@saharacafé.africa,+20-11-4872,"Sahara Café operates in food & beverage from Nairobi, Kenya, serving local and regional markets.",0,2025-05-28
RMC-100044,Umoya Seed,Agriculture,Uganda,Kampala,2017,Growth,Unverified,1,66.0,Gold,72,11,96715.81,8517800.91,True,False,True,True,Standard,https://umoyaseed.africa,info@umoyaseed.africa,+228-27-7570,"Umoya Seed operates in agriculture from Kampala, Uganda, serving local and regional markets.",1,2025-07-29
RMC-100045,Umoya Pay,FinTech,Uganda,Kampala,2014,Early Revenue,Verified,3,54.2,Silver,74,27,128496.6,0.0,True,True,True,True,Suggested,https://umoyapay.africa,info@umoyapay.africa,+225-33-8454,"Umoya Pay operates in fintech from Kampala, Uganda, serving local and regional markets.",3,2025-08-18
RMC-100046,Umoya Remit,FinTech,Egypt,Cairo,2016,Growth,Verified,3,64.5,Silver,83,57,95691.28,0.0,True,True,False,False,Standard,https://umoyaremit.africa,info@umoyaremit.africa,+230-84-8973,"Umoya Remit operates in fintech from Cairo, Egypt, serving local and regional markets.",0,2025-07-20
RMC-100047,Maji Cloud,ICT / Software,South Africa,Johannesburg,2014,Mature,Verified,3,77.7,Gold,71,13,507232.73,0.0,True,False,True,False,Latest,https://majicloud.africa,info@majicloud.africa,+218-07-9883,"Maji Cloud operates in ict / software from Johannesburg, South Africa, serving local and regional markets.",6,2025-04-21
RMC-100048,Delta Ledger,FinTech,Kenya,Nairobi,2018,Early Revenue,Verified,3,54.2,Silver,80,8,36075.8,0.0,True,False,False,False,Standard,https://deltaledger.africa,info@deltaledger.africa,+211-06-8811,"Delta Ledger operates in fintech from Nairobi, Kenya, serving local and regional markets.",3,2025-08-25
RMC-100049,Savannah Soft,ICT / Software,Botswana,Gaborone,2020,Growth,Verified,3,71.7,Gold,73,36,491750.72,0.0,False,False,False,True,Standard,https://savannahsoft.africa,info@savannahsoft.africa,+211-65-2312,"Savannah Soft operates in ict / software from Gaborone, Botswana, serving local and regional markets.",2,2025-08-25
RMC-100050,Nova Outlet,Retail & Ecommerce,Uganda,Kampala,2016,Growth,Pending,2,68.1,Gold,59,31,203458.48,3575689.84,True,False,False,True,Suggested,https://novaoutlet.africa,info@novaoutlet.africa,+212-86-4853,"Nova Outlet operates in retail & ecommerce from Kampala, Uganda, serving local and regional markets.",0,2025-07-03
RMC-100051,Baobab Farms,Agriculture,Ghana,Accra,2017,Early Revenue,Verified,3,43.6,Bronze,75,16,163558.44,0.0,True,True,False,False,Standard,https://baobabfarms.africa,info@baobabfarms.africa,+231-76-1651,"Baobab Farms operates in agriculture from Accra, Ghana, serving local and regional markets.",1,2025-06-08
RMC-100052,Nova Mint,FinTech,Mozambique,Maputo,2019,Growth,Pending,2,52.0,Silver,46,16,92161.93,0.0,True,False,False,False,Suggested,https://novamint.africa,info@novamint.africa,+234-74-9565,"Nova Mint operates in fintech from Maputo, Mozambique, serving local and regional markets.",2,2025-04-23
RMC-100053,Maji Systems,ICT / Software,Senegal,Dakar,2018,Growth,Verified,3,51.9,Silver,99,11,156402.3,0.0,True,True,True,False,Suggested,https://majisystems.africa,info@majisystems.africa,+235-40-4910,"Maji Systems operates in ict / software from Dakar, Senegal, serving local and regional markets.",0,2025-03-19
RMC-100054,Umoya Wallet,FinTech,Senegal,Dakar,2020,Early Revenue,Verified,3,69.2,Gold,66,7,48908.43,0.0,True,True,True,False,Latest,https://umoyawallet.africa,info@umoyawallet.africa,+234-82-5915,"Umoya Wallet operates in fintech from Dakar, Senegal, serving local and regional markets.",2,2025-07-20
RMC-100055,Atlas Shop,Retail & Ecommerce,Zimbabwe,Harare,2023,Idea,Pending,1,70.6,Gold,78,14,23.33,28242.95,False,True,True,False,Standard,https://atlasshop.africa,info@atlasshop.africa,+20-58-2638,"Atlas Shop operates in retail & ecommerce from Harare, Zimbabwe, serving local and regional markets.",0,2025-05-11
RMC-100056,Maji Outlet,Retail & Ecommerce,Tunisia,Tunis,2018,Growth,Pending,1,65.0,Silver,54,29,466877.68,17023182.5,True,False,False,True,Standard,https://majioutlet.africa,info@majioutlet.africa,+221-16-6718,"Maji Outlet operates in retail & ecommerce from Tunis, Tunisia, serving local and regional markets.",2,2025-08-16
RMC-100057,Atlas Lodge,Tourism & Hospitality,Rwanda,Kigali,2020,Growth,Unverified,3,58.1,Silver,41,23,192774.42,0.0,True,False,False,False,Standard,https://atlaslodge.africa,info@atlaslodge.africa,+216-56-9900,"Atlas Lodge operates in tourism & hospitality from Kigali, Rwanda, serving local and regional markets.",1,2025-09-18
RMC-100058,Baobab Systems,ICT / Software,Egypt,Cairo,2020,Early Revenue,Unverified,3,84.1,Platinum,78,22,41915.87,0.0,False,False,False,True,Standard,https://baobabsystems.africa,info@baobabsystems.africa,+229-01-5905,"Baobab Systems operates in ict / software from Cairo, Egypt, serving local and regional markets.",2,2025-07-09
RMC-100059,Kora Solar,Energy & Renewables,Ghana,Accra,2011,Early Revenue,Pending,2,60.7,Silver,46,23,48992.58,0.0,True,False,False,True,Standard,https://korasolar.africa,info@korasolar.africa,+213-13-3546,"Kora Solar operates in energy & renewables from Accra, Ghana, serving local and regional markets.",1,2024-11-30
RMC-100060,Baobab Care,Healthcare,Egypt,Cairo,2017,Prototype,Unverified,3,81.5,Platinum,58,12,1288.71,287428.17,False,True,True,True,Suggested,https://baobabcare.africa,info@baobabcare.africa,+235-43-4335,"Baobab Care operates in healthcare from Cairo, Egypt, serving local and regional markets.",1,2025-07-01
RMC-100061,Savannah Stay,Tourism & Hospitality,Senegal,Dakar,2015,Mature,Unverified,3,20.0,Bronze,87,39,385396.48,21703025.0,False,False,True,True,Standard,https://savannahstay.africa,info@savannahstay.africa,+221-06-2512,"Savannah Stay operates in tourism & hospitality from Dakar, Senegal, serving local and regional markets.",1,2025-07-18
RMC-100062,Zuri Build,Construction & Real Estate,Zambia,Lusaka,2013,Mature,Verified,3,63.0,Silver,80,148,256249.01,5106533.07,True,False,False,True,Standard,https://zuribuild.africa,info@zuribuild.africa,+20-42-3143,"Zuri Build operates in construction & real estate from Lusaka, Zambia, serving local and regional markets.",0,2025-06-09
RMC-100063,Kora Remit,FinTech,Senegal,Dakar,2012,Growth,Verified,3,48.0,Silver,90,40,233941.75,556452.7,False,False,False,False,Latest,https://koraremit.africa,info@koraremit.africa,+227-70-8007,"Kora Remit operates in fintech from Dakar, Senegal, serving local and regional markets.",2,2025-05-07
RMC-100064,Blue Power,Energy & Renewables,Tunisia,Tunis,2016,Prototype,Pending,3,51.8,Silver,62,33,548.87,21098.92,True,False,False,True,Suggested,https://bluepower.africa,info@bluepower.africa,+212-88-3442,"Blue Power operates in energy & renewables from Tunis, Tunisia, serving local and regional markets.",4,2025-05-27
RMC-100065,Atlas Outlet,Retail & Ecommerce,Kenya,Nairobi,2025,Growth,Verified,3,59.2,Silver,84,34,154805.61,0.0,True,True,True,False,Latest,https://atlasoutlet.africa,info@atlasoutlet.africa,+230-18-8041,"Atlas Outlet operates in retail & ecommerce from Nairobi, Kenya, serving local and regional markets.",2,2025-03-12
RMC-100066,Blue Cart,Retail & Ecommerce,South Africa,Johannesburg,2016,Prototype,Verified,3,83.0,Platinum,77,9,151.25,275365.5,False,False,False,True,Latest,https://bluecart.africa,info@bluecart.africa,+224-05-6862,"Blue Cart operates in retail & ecommerce from Johannesburg, South Africa, serving local and regional markets.",1,2025-04-22
RMC-100067,Sahara Construct,Construction & Real Estate,Tanzania,Dar es Salaam,2018,Mature,Pending,3,51.9,Silver,65,31,510079.2,4567625.06,True,False,False,False,Standard,https://saharaconstruct.africa,info@saharaconstruct.africa,+234-13-6794,"Sahara Construct operates in construction & real estate from Dar es Salaam, Tanzania, serving local and regional markets.",0,2025-06-01
RMC-100068,Baobab Industries,Manufacturing,Zambia,Lusaka,2021,Early Revenue,Unverified,1,62.0,Silver,52,12,46700.34,0.0,False,False,False,False,Suggested,https://baobabindustries.africa,info@baobabindustries.africa,+214-30-3662,"Baobab Industries operates in manufacturing from Lusaka, Zambia, serving local and regional markets.",0,2025-03-22
RMC-100069,Blue Market,Retail & Ecommerce,Zambia,Lusaka,2013,Growth,Unverified,2,50.5,Silver,64,19,92130.48,3104012.9,True,False,False,False,Standard,https://bluemarket.africa,info@bluemarket.africa,+223-52-5065,"Blue Market operates in retail & ecommerce from Lusaka, Zambia, serving local and regional markets.",1,2025-09-23
RMC-100070,Delta Travel,Tourism & Hospitality,Uganda,Kampala,2023,Prototype,Verified,3,85.8,Platinum,74,17,78.97,0.0,False,False,True,False,Standard,https://deltatravel.africa,info@deltatravel.africa,+225-04-8711,"Delta Travel operates in tourism & hospitality from Kampala, Uganda, serving local and regional markets.",2,2025-08-05
RMC-100071,Maji Bazaar,Retail & Ecommerce,Rwanda,Kigali,2019,Growth,Verified,3,69.6,Gold,64,19,79873.8,478263.67,True,False,False,False,Suggested,https://majibazaar.africa,info@majibazaar.africa,+224-39-4728,"Maji Bazaar operates in retail & ecommerce from Kigali, Rwanda, serving local and regional markets.",6,2025-08-07
RMC-100072,Blue Remit,FinTech,Rwanda,Kigali,2016,Prototype,Verified,3,69.1,Gold,100,9,583.31,0.0,True,False,False,True,Standard,https://blueremit.africa,info@blueremit.africa,+218-51-6378,"Blue Remit operates in fintech from Kigali, Rwanda, serving local and regional markets.",0,2025-06-22
RMC-100073,Nova Swift,Logistics & Mobility,Senegal,Dakar,2015,Mature,Pending,2,50.1,Silver,68,34,55250.17,10620020.65,False,True,False,True,Suggested,https://novaswift.africa,info@novaswift.africa,+224-82-9346,"Nova Swift operates in logistics & mobility from Dakar, Senegal, serving local and regional markets.",0,2025-09-12
RMC-100074,Atlas Shop,Retail & Ecommerce,Tunisia,Tunis,2014,Early Revenue,Unverified,3,75.7,Gold,67,20,41619.87,150924.8,True,False,False,True,Latest,https://atlasshop.africa,info@atlasshop.africa,+213-33-3925,"Atlas Shop operates in retail & ecommerce from Tunis, Tunisia, serving local and regional markets.",2,2024-12-07
RMC-100075,Blue Power,Energy & Renewables,Senegal,Dakar,2008,Idea,Unverified,3,47.1,Silver,61,8,74.7,0.0,True,False,False,False,Latest,https://bluepower.africa,info@bluepower.africa,+232-55-6663,"Blue Power operates in energy & renewables from Dakar, Senegal, serving local and regional markets.",1,2025-09-06
RMC-100076,Umoya Grid,Energy & Renewables,Morocco,Casablanca,2020,Growth,Verified,3,94.4,Platinum,70,15,45283.17,1997485.63,True,False,False,False,Suggested,https://umoyagrid.africa,info@umoyagrid.africa,+229-14-7311,"Umoya Grid operates in energy & renewables from Casablanca, Morocco, serving local and regional markets.",2,2025-05-16
RMC-100077,Maji Clinic,Healthcare,Algeria,Algiers,2012,Idea,Unverified,1,46.3,Silver,68,21,24.91,13251.42,False,False,True,True,Suggested,https://majiclinic.africa,info@majiclinic.africa,+211-90-8144,"Maji Clinic operates in healthcare from Algiers, Algeria, serving local and regional markets.",0,2025-03-01
RMC-100078,Savannah Industries,Manufacturing,Botswana,Gaborone,2013,Growth,Verified,3,70.1,Gold,90,41,521515.85,18135727.06,True,False,True,True,Suggested,https://savannahindustries.africa,info@savannahindustries.africa,+234-25-6967,"Savannah Industries operates in manufacturing from Gaborone, Botswana, serving local and regional markets.",2,2025-06-10
RMC-100079,Nova Systems,ICT / Software,Zambia,Lusaka,2017,Growth,Unverified,3,69.4,Gold,70,22,318077.44,1329718.06,False,True,False,False,Standard,https://novasystems.africa,info@novasystems.africa,+223-79-6143,"Nova Systems operates in ict / software from Lusaka, Zambia, serving local and regional markets.",2,2025-04-22
RMC-100080,Delta Labs,Manufacturing,Ghana,Accra,2023,Early Revenue,Unverified,2,59.9,Silver,47,40,47236.48,1722115.91,False,False,True,True,Suggested,https://deltalabs.africa,info@deltalabs.africa,+229-39-7691,"Delta Labs operates in manufacturing from Accra, Ghana, serving local and regional markets.",2,2025-05-31
RMC-100081,Delta Ledger,FinTech,Cameroon,Douala,2010,Growth,Pending,2,87.9,Platinum,57,10,113170.22,1320840.75,True,False,False,False,Standard,https://deltaledger.africa,info@deltaledger.africa,+230-16-4143,"Delta Ledger operates in fintech from Douala, Cameroon, serving local and regional markets.",1,2025-09-25
RMC-100082,Sahara Mall,Retail & Ecommerce,Cameroon,Douala,2024,Early Revenue,Pending,2,70.9,Gold,61,44,82392.53,0.0,False,False,True,True,Latest,https://saharamall.africa,info@saharamall.africa,+216-78-5930,"Sahara Mall operates in retail & ecommerce from Douala, Cameroon, serving local and regional markets.",0,2025-03-31
RMC-100083,Blue Solar,Energy & Renewables,Tunisia,Tunis,2021,Idea,Unverified,3,70.7,Gold,84,23,90.44,60453.28,False,False,False,True,Latest,https://bluesolar.africa,info@bluesolar.africa,+222-26-8043,"Blue Solar operates in energy & renewables from Tunis, Tunisia, serving local and regional markets.",0,2025-09-20
RMC-100084,Sahara Cart,Retail & Ecommerce,Mozambique,Maputo,2022,Idea,Verified,3,77.5,Gold,75,14,13.27,0.0,True,False,False,True,Suggested,https://saharacart.africa,info@saharacart.africa,+227-56-8244,"Sahara Cart operates in retail & ecommerce from Maputo, Mozambique, serving local and regional markets.",3,2025-09-02
RMC-100085,Savannah Makers,Manufacturing,Tanzania,Dar es Salaam,2017,Prototype,Verified,3,48.6,Silver,75,23,112.04,0.0,True,False,True,False,Standard,https://savannahmakers.africa,info@savannahmakers.africa,+216-84-2389,"Savannah Makers operates in manufacturing from Dar es Salaam, Tanzania, serving local and regional markets.",1,2025-05-02
RMC-100086,Savannah Remit,FinTech,Egypt,Cairo,2015,Early Revenue,Verified,3,52.9,Silver,88,13,54871.61,627366.59,True,False,False,True,Suggested,https://savannahremit.africa,info@savannahremit.africa,+233-79-6491,"Savannah Remit operates in fintech from Cairo, Egypt, serving local and regional markets.",1,2025-09-02
RMC-100087,Maji Brew,Food & Beverage,Ethiopia,Addis Ababa,2015,Early Revenue,Verified,3,68.4,Gold,86,33,305756.98,0.0,True,False,True,False,Standard,https://majibrew.africa,info@majibrew.africa,+222-28-4262,"Maji Brew operates in food & beverage from Addis Ababa, Ethiopia, serving local and regional markets.",3,2025-09-08
RMC-100088,Blue Build,Construction & Real Estate,South Africa,Johannesburg,2019,Early Revenue,Unverified,2,54.8,Silver,50,19,58804.98,0.0,False,True,False,False,Suggested,https://bluebuild.africa,info@bluebuild.africa,+220-60-2193,"Blue Build operates in construction & real estate from Johannesburg, South Africa, serving local and regional markets.",0,2025-04-19
RMC-100089,Sahara Grid,Energy & Renewables,Zambia,Lusaka,2012,Mature,Pending,2,63.7,Silver,44,33,615820.62,13261507.09,False,False,True,False,Standard,https://saharagrid.africa,info@saharagrid.africa,+218-91-7291,"Sahara Grid operates in energy & renewables from Lusaka, Zambia, serving local and regional markets.",0,2025-08-27
RMC-100090,Maji Construct,Construction & Real Estate,Cameroon,Douala,2014,Early Revenue,Verified,3,47.7,Silver,83,34,23453.95,417950.61,False,True,False,False,Standard,https://majiconstruct.africa,info@majiconstruct.africa,+233-88-1090,"Maji Construct operates in construction & real estate from Douala, Cameroon, serving local and regional markets.",3,2025-08-09
RMC-100091,Umoya Energy,Energy & Renewables,Ghana,Accra,2020,Prototype,Unverified,2,66.9,Gold,52,54,389.05,0.0,False,False,False,False,Latest,https://umoyaenergy.africa,info@umoyaenergy.africa,+216-89-9486,"Umoya Energy operates in energy & renewables from Accra, Ghana, serving local and regional markets.",0,2025-07-08
RMC-100092,Savannah Construct,Construction & Real Estate,Kenya,Nairobi,2015,Early Revenue,Unverified,2,53.5,Silver,57,41,56240.19,0.0,False,False,True,False,Standard,https://savannahconstruct.africa,info@savannahconstruct.africa,+213-58-3184,"Savannah Construct operates in construction & real estate from Nairobi, Kenya, serving local and regional markets.",2,2025-09-25
RMC-100093,Savannah Agri,Agriculture,Botswana,Gaborone,2017,Growth,Unverified,3,54.9,Silver,78,26,260238.82,0.0,True,True,False,True,Standard,https://savannahagri.africa,info@savannahagri.africa,+223-96-8251,"Savannah Agri operates in agriculture from Gaborone, Botswana, serving local and regional markets.",3,2025-05-12
RMC-100094,Umoya Wellness,Healthcare,Botswana,Gaborone,2016,Early Revenue,Unverified,2,74.7,Gold,55,8,5874.68,79711.25,False,True,False,False,Standard,https://umoyawellness.africa,info@umoyawellness.africa,+227-20-8777,"Umoya Wellness operates in healthcare from Gaborone, Botswana, serving local and regional markets.",0,2025-07-12
RMC-100095,Maji Bio,Healthcare,Senegal,Dakar,2017,Early Revenue,Verified,3,67.5,Gold,100,27,26657.31,0.0,True,True,True,True,Standard,https://majibio.africa,info@majibio.africa,+221-98-9540,"Maji Bio operates in healthcare from Dakar, Senegal, serving local and regional markets.",1,2025-01-16
RMC-100096,Sahara Soft,ICT / Software,Namibia,Windhoek,2015,Growth,Pending,3,79.4,Gold,66,18,172136.27,0.0,False,False,True,True,Latest,https://saharasoft.africa,info@saharasoft.africa,+221-56-2269,"Sahara Soft operates in ict / software from Windhoek, Namibia, serving local and regional markets.",1,2025-04-15
RMC-100097,Maji Academy,Education,Egypt,Cairo,2020,Growth,Verified,3,73.1,Gold,78,63,66806.55,15464959.98,True,False,True,True,Latest,https://majiacademy.africa,info@majiacademy.africa,+223-40-9849,"Maji Academy operates in education from Cairo, Egypt, serving local and regional markets.",0,2025-04-16
RMC-100098,Kora Wallet,FinTech,Ethiopia,Addis Ababa,2014,Early Revenue,Unverified,3,48.6,Silver,53,9,11789.28,644177.79,True,True,False,True,Standard,https://korawallet.africa,info@korawallet.africa,+220-49-3503,"Kora Wallet operates in fintech from Addis Ababa, Ethiopia, serving local and regional markets.",0,2025-03-07
RMC-100099,Nova Mint,FinTech,Tanzania,Dar es Salaam,2014,Idea,Verified,3,62.3,Silver,73,4,129.13,0.0,False,False,False,False,Standard,https://novamint.africa,info@novamint.africa,+226-42-9890,"Nova Mint operates in fintech from Dar es Salaam, Tanzania, serving local and regional markets.",2,2025-05-26
RMC-100100,Umoya Shop,Retail & Ecommerce,Zimbabwe,Harare,2019,Early Revenue,Unverified,3,49.5,Silver,35,54,74419.36,0.0,False,False,False,True,Standard,https://umoyashop.africa,info@umoyashop.africa,+218-53-7381,"Umoya Shop operates in retail & ecommerce from Harare, Zimbabwe, serving local and regional markets.",0,2025-05-12
RMC-100101,Baobab Bazaar,Retail & Ecommerce,Nigeria,Lagos,2019,Growth,Verified,3,62.9,Silver,69,38,99712.88,4306458.25,True,False,True,True,Standard,https://baobabbazaar.africa,info@baobabbazaar.africa,+228-00-6763,"Baobab Bazaar operates in retail & ecommerce from Lagos, Nigeria, serving local and regional markets.",3,2024-12-24
RMC-100102,Umoya Meds,Healthcare,Egypt,Cairo,2012,Early Revenue,Verified,3,66.3,Gold,81,11,29359.88,2935117.47,True,False,False,False,Latest,https://umoyameds.africa,info@umoyameds.africa,+230-95-9947,"Umoya Meds operates in healthcare from Cairo, Egypt, serving local and regional markets.",1,2024-12-18
RMC-100103,Maji Bites,Food & Beverage,Mozambique,Maputo,2021,Growth,Unverified,2,78.7,Gold,47,54,103804.6,2433645.68,False,True,False,True,Standard,https://majibites.africa,info@majibites.africa,+220-34-8140,"Maji Bites operates in food & beverage from Maputo, Mozambique, serving local and regional markets.",0,2025-01-26
RMC-100104,Umoya Lodge,Tourism & Hospitality,Nigeria,Lagos,2015,Early Revenue,Unverified,3,86.0,Platinum,60,18,29524.13,0.0,False,False,False,False,Standard,https://umoyalodge.africa,info@umoyalodge.africa,+234-86-7624,"Umoya Lodge operates in tourism & hospitality from Lagos, Nigeria, serving local and regional markets.",0,2025-06-05
RMC-100105,Nile Kitchen,Food & Beverage,Uganda,Kampala,2017,Early Revenue,Pending,2,48.9,Silver,46,27,54212.98,241695.42,False,False,False,False,Standard,https://nilekitchen.africa,info@nilekitchen.africa,+232-68-1441,"Nile Kitchen operates in food & beverage from Kampala, Uganda, serving local and regional markets.",2,2025-09-17
RMC-100106,Baobab Transit,Logistics & Mobility,Algeria,Algiers,2012,Growth,Unverified,1,65.6,Gold,65,21,149528.35,653175.78,True,False,False,True,Latest,https://baobabtransit.africa,info@baobabtransit.africa,+20-10-8022,"Baobab Transit operates in logistics & mobility from Algiers, Algeria, serving local and regional markets.",0,2025-03-31
RMC-100107,Kora Travel,Tourism & Hospitality,Zimbabwe,Harare,2014,Early Revenue,Verified,3,71.6,Gold,69,9,99661.75,0.0,True,False,False,False,Standard,https://koratravel.africa,info@koratravel.africa,+221-48-6363,"Kora Travel operates in tourism & hospitality from Harare, Zimbabwe, serving local and regional markets.",2,2025-03-14
RMC-100108,Nile Solar,Energy & Renewables,Tanzania,Dar es Salaam,2018,Growth,Verified,3,64.9,Silver,100,6,275053.42,0.0,True,True,False,False,Standard,https://nilesolar.africa,info@nilesolar.africa,+223-97-7211,"Nile Solar operates in energy & renewables from Dar es Salaam, Tanzania, serving local and regional markets.",1,2025-06-16
RMC-100109,Umoya Clinic,Healthcare,Senegal,Dakar,2019,Growth,Unverified,3,74.0,Gold,71,35,288521.99,0.0,False,False,False,False,Latest,https://umoyaclinic.africa,info@umoyaclinic.africa,+212-60-1317,"Umoya Clinic operates in healthcare from Dakar, Senegal, serving local and regional markets.",1,2025-05-13
RMC-100110,Blue Cart,Retail & Ecommerce,Tunisia,Tunis,2008,Growth,Verified,3,59.3,Silver,78,36,162911.82,1325147.35,True,True,True,False,Standard,https://bluecart.africa,info@bluecart.africa,+220-83-2124,"Blue Cart operates in retail & ecommerce from Tunis, Tunisia, serving local and regional markets.",3,2025-03-18
RMC-100111,Blue Tours,Tourism & Hospitality,Kenya,Nairobi,2012,Growth,Pending,1,89.0,Platinum,76,35,163795.08,8185152.26,False,True,True,False,Standard,https://bluetours.africa,info@bluetours.africa,+218-02-3496,"Blue Tours operates in tourism & hospitality from Nairobi, Kenya, serving local and regional markets.",0,2025-06-16
RMC-100112,Nile Green,Agriculture,South Africa,Johannesburg,2017,Early Revenue,Unverified,2,62.2,Silver,58,13,22005.51,0.0,False,True,False,True,Standard,https://nilegreen.africa,info@nilegreen.africa,+213-72-4571,"Nile Green operates in agriculture from Johannesburg, South Africa, serving local and regional markets.",1,2025-06-02
RMC-100113,Atlas Soft,ICT / Software,Senegal,Dakar,2012,Early Revenue,Verified,3,61.0,Silver,100,18,33437.14,0.0,True,False,False,False,Standard,https://atlassoft.africa,info@atlassoft.africa,+232-77-2876,"Atlas Soft operates in ict / software from Dakar, Senegal, serving local and regional markets.",4,2025-04-01
RMC-100114,Zuri Works,Manufacturing,Uganda,Kampala,2016,Idea,Pending,3,27.6,Bronze,45,22,17.2,0.0,False,False,True,False,Standard,https://zuriworks.africa,info@zuriworks.africa,+231-03-6111,"Zuri Works operates in manufacturing from Kampala, Uganda, serving local and regional markets.",1,2025-09-20
RMC-100115,Umoya Industries,Manufacturing,Cameroon,Douala,2011,Early Revenue,Unverified,1,44.2,Bronze,81,56,69428.3,0.0,True,False,False,True,Standard,https://umoyaindustries.africa,info@umoyaindustries.africa,+218-09-4978,"Umoya Industries operates in manufacturing from Douala, Cameroon, serving local and regional markets.",0,2025-07-29
RMC-100116,Sahara Outlet,Retail & Ecommerce,Egypt,Cairo,2015,Early Revenue,Unverified,2,61.7,Silver,58,6,67723.18,62877.74,True,False,False,False,Suggested,https://saharaoutlet.africa,info@saharaoutlet.africa,+213-72-1672,"Sahara Outlet operates in retail & ecommerce from Cairo, Egypt, serving local and regional markets.",0,2025-06-09
RMC-100117,Umoya Class,Education,Tunisia,Tunis,2019,Growth,Unverified,3,64.5,Silver,62,15,28875.59,3873606.33,False,False,False,True,Suggested,https://umoyaclass.africa,info@umoyaclass.africa,+224-08-9289,"Umoya Class operates in education from Tunis, Tunisia, serving local and regional markets.",0,2025-08-22
RMC-100118,Blue Seed,Agriculture,Morocco,Casablanca,2013,Early Revenue,Verified,3,62.8,Silver,62,21,55808.01,0.0,True,False,True,True,Latest,https://blueseed.africa,info@blueseed.africa,+228-13-8102,"Blue Seed operates in agriculture from Casablanca, Morocco, serving local and regional markets.",2,2025-08-16
RMC-100119,Sahara Data,ICT / Software,Côte d’Ivoire,Abidjan,2014,Early Revenue,Pending,1,49.5,Silver,87,17,59631.61,0.0,True,False,True,False,Latest,https://saharadata.africa,info@saharadata.africa,+235-19-8135,"Sahara Data operates in ict / software from Abidjan, Côte d’Ivoire, serving local and regional markets.",2,2025-02-13
RMC-100120,Sahara Cart,Retail & Ecommerce,Botswana,Gaborone,2017,Prototype,Pending,2,67.0,Gold,86,21,254.26,0.0,True,False,True,False,Latest,https://saharacart.africa,info@saharacart.africa,+232-68-8921,"Sahara Cart operates in retail & ecommerce from Gaborone, Botswana, serving local and regional markets.",1,2025-09-13
RMC-100121,Delta Wellness,Healthcare,Zambia,Lusaka,2018,Prototype,Verified,3,85.4,Platinum,85,9,357.07,198733.71,True,True,True,False,Latest,https://deltawellness.africa,info@deltawellness.africa,+221-41-5022,"Delta Wellness operates in healthcare from Lusaka, Zambia, serving local and regional markets.",0,2025-06-21
RMC-100122,Zuri Meds,Healthcare,Ethiopia,Addis Ababa,2017,Prototype,Unverified,3,38.0,Bronze,64,21,211.67,52154.11,False,False,False,False,Suggested,https://zurimeds.africa,info@zurimeds.africa,+220-96-8613,"Zuri Meds operates in healthcare from Addis Ababa, Ethiopia, serving local and regional markets.",0,2025-02-02
RMC-100123,Sahara Data,ICT / Software,Mozambique,Maputo,2019,Prototype,Pending,2,91.8,Platinum,68,8,423.71,42865.6,False,False,False,True,Standard,https://saharadata.africa,info@saharadata.africa,+223-03-9098,"Sahara Data operates in ict / software from Maputo, Mozambique, serving local and regional markets.",1,2025-08-09
RMC-100124,Nile Kitchen,Food & Beverage,Uganda,Kampala,2005,Early Revenue,Verified,3,68.1,Gold,90,22,51502.77,0.0,True,False,False,True,Latest,https://nilekitchen.africa,info@nilekitchen.africa,+224-33-6576,"Nile Kitchen operates in food & beverage from Kampala, Uganda, serving local and regional markets.",1,2025-04-05
RMC-100125,Baobab Transit,Logistics & Mobility,Senegal,Dakar,2015,Idea,Verified,3,72.2,Gold,64,7,24.08,0.0,True,False,False,False,Standard,https://baobabtransit.africa,info@baobabtransit.africa,+221-71-1166,"Baobab Transit operates in logistics & mobility from Dakar, Senegal, serving local and regional markets.",5,2025-02-03
RMC-100126,Maji Health,Healthcare,Botswana,Gaborone,2012,Idea,Pending,2,38.2,Bronze,71,14,76.3,203084.39,False,True,False,False,Standard,https://majihealth.africa,info@majihealth.africa,+220-92-7658,"Maji Health operates in healthcare from Gaborone, Botswana, serving local and regional markets.",4,2025-07-26
RMC-100127,Maji Brew,Food & Beverage,Tunisia,Tunis,2019,Early Revenue,Unverified,2,72.0,Gold,48,34,76883.62,696093.73,True,False,False,False,Standard,https://majibrew.africa,info@majibrew.africa,+228-82-9041,"Maji Brew operates in food & beverage from Tunis, Tunisia, serving local and regional markets.",2,2025-07-22
RMC-100128,Nova Cart,Retail & Ecommerce,Nigeria,Lagos,2017,Early Revenue,Verified,3,78.5,Gold,72,21,45036.08,81266.79,True,False,True,False,Standard,https://novacart.africa,info@novacart.africa,+220-51-4986,"Nova Cart operates in retail & ecommerce from Lagos, Nigeria, serving local and regional markets.",1,2025-09-09
RMC-100129,Sahara Outlet,Retail & Ecommerce,Egypt,Cairo,2023,Early Revenue,Unverified,2,49.0,Silver,53,14,12306.27,2365699.01,False,False,False,True,Suggested,https://saharaoutlet.africa,info@saharaoutlet.africa,+224-60-9698,"Sahara Outlet operates in retail & ecommerce from Cairo, Egypt, serving local and regional markets.",2,2025-07-02
RMC-100130,Delta Coin,FinTech,Zambia,Lusaka,2013,Growth,Unverified,2,63.2,Silver,80,11,75680.76,794769.88,True,False,False,False,Standard,https://deltacoin.africa,info@deltacoin.africa,+223-45-8434,"Delta Coin operates in fintech from Lusaka, Zambia, serving local and regional markets.",0,2025-08-05
RMC-100131,Zuri Tours,Tourism & Hospitality,Egypt,Cairo,2010,Growth,Unverified,2,80.7,Platinum,76,22,130963.76,13426023.3,False,True,False,True,Latest,https://zuritours.africa,info@zuritours.africa,+213-92-4155,"Zuri Tours operates in tourism & hospitality from Cairo, Egypt, serving local and regional markets.",2,2025-05-13
RMC-100132,Delta Outlet,Retail & Ecommerce,Ghana,Accra,2017,Early Revenue,Unverified,1,56.2,Silver,67,32,34552.91,0.0,True,True,False,False,Latest,https://deltaoutlet.africa,info@deltaoutlet.africa,+235-23-4138,"Delta Outlet operates in retail & ecommerce from Accra, Ghana, serving local and regional markets.",1,2025-08-19
RMC-100133,Zuri Bio,Healthcare,Namibia,Windhoek,2022,Idea,Pending,3,47.4,Silver,65,21,104.17,0.0,True,True,False,True,Standard,https://zuribio.africa,info@zuribio.africa,+231-97-9595,"Zuri Bio operates in healthcare from Windhoek, Namibia, serving local and regional markets.",1,2025-08-26
RMC-100134,Nova Construct,Construction & Real Estate,Egypt,Cairo,2014,Growth,Verified,3,83.3,Platinum,86,38,294827.56,0.0,True,True,False,False,Standard,https://novaconstruct.africa,info@novaconstruct.africa,+222-29-6912,"Nova Construct operates in construction & real estate from Cairo, Egypt, serving local and regional markets.",4,2025-07-16
RMC-100135,Zuri Agro,Agriculture,Uganda,Kampala,2023,Growth,Pending,2,51.6,Silver,62,20,104857.16,7086561.02,False,True,False,False,Suggested,https://zuriagro.africa,info@zuriagro.africa,+235-68-3073,"Zuri Agro operates in agriculture from Kampala, Uganda, serving local and regional markets.",0,2025-01-03
RMC-100136,Blue Café,Food & Beverage,Kenya,Nairobi,2018,Growth,Verified,3,63.5,Silver,58,43,124860.61,1626410.69,False,False,False,True,Standard,https://bluecafé.africa,info@bluecafé.africa,+222-89-3068,"Blue Café operates in food & beverage from Nairobi, Kenya, serving local and regional markets.",1,2025-09-01
RMC-100137,Nova Travel,Tourism & Hospitality,Namibia,Windhoek,2020,Growth,Unverified,2,75.8,Gold,67,10,53074.97,3043305.77,False,False,False,False,Suggested,https://novatravel.africa,info@novatravel.africa,+231-36-8690,"Nova Travel operates in tourism & hospitality from Windhoek, Namibia, serving local and regional markets.",0,2025-03-28
RMC-100138,Atlas Kitchen,Food & Beverage,Zimbabwe,Harare,2016,Idea,Verified,3,68.4,Gold,75,26,43.61,0.0,True,True,False,False,Standard,https://atlaskitchen.africa,info@atlaskitchen.africa,+211-32-8827,"Atlas Kitchen operates in food & beverage from Harare, Zimbabwe, serving local and regional markets.",3,2025-06-16
RMC-100139,Nova Meds,Healthcare,Ghana,Accra,2013,Growth,Unverified,1,95.0,Platinum,65,7,163194.89,5193932.58,False,True,True,True,Suggested,https://novameds.africa,info@novameds.africa,+228-09-1878,"Nova Meds operates in healthcare from Accra, Ghana, serving local and regional markets.",1,2025-09-08
RMC-100140,Baobab Estate,Construction & Real Estate,South Africa,Johannesburg,2015,Idea,Pending,3,88.4,Platinum,66,41,117.54,66198.61,False,False,False,False,Latest,https://baobabestate.africa,info@baobabestate.africa,+212-31-2940,"Baobab Estate operates in construction & real estate from Johannesburg, South Africa, serving local and regional markets.",1,2025-06-14
RMC-100141,Baobab Brick,Construction & Real Estate,Zambia,Lusaka,2014,Mature,Unverified,2,53.6,Silver,59,68,44466.37,9688899.43,False,False,False,False,Latest,https://baobabbrick.africa,info@baobabbrick.africa,+232-28-9561,"Baobab Brick operates in construction & real estate from Lusaka, Zambia, serving local and regional markets.",0,2025-07-20
RMC-100142,Nile Solar,Energy & Renewables,Zimbabwe,Harare,2011,Growth,Verified,3,84.7,Platinum,94,37,65503.02,3924136.3,True,False,False,False,Standard,https://nilesolar.africa,info@nilesolar.africa,+231-54-6003,"Nile Solar operates in energy & renewables from Harare, Zimbabwe, serving local and regional markets.",2,2025-07-21
RMC-100143,Baobab Learn,Education,Algeria,Algiers,2018,Early Revenue,Verified,3,43.7,Bronze,66,18,77114.64,638219.26,True,True,True,True,Standard,https://baobablearn.africa,info@baobablearn.africa,+232-94-2625,"Baobab Learn operates in education from Algiers, Algeria, serving local and regional markets.",0,2025-04-21
RMC-100144,Sahara Wallet,FinTech,Tanzania,Dar es Salaam,2019,Growth,Verified,3,61.2,Silver,60,13,322423.18,3309914.91,True,False,True,True,Suggested,https://saharawallet.africa,info@saharawallet.africa,+221-84-2330,"Sahara Wallet operates in fintech from Dar es Salaam, Tanzania, serving local and regional markets.",2,2025-05-21
RMC-100145,Maji Care,Healthcare,Uganda,Kampala,2011,Early Revenue,Pending,1,43.5,Bronze,75,23,10385.42,0.0,False,False,False,False,Standard,https://majicare.africa,info@majicare.africa,+230-09-3564,"Maji Care operates in healthcare from Kampala, Uganda, serving local and regional markets.",0,2025-08-16
RMC-100146,Nile Green,Agriculture,Zambia,Lusaka,2011,Growth,Verified,3,34.8,Bronze,85,26,157716.46,2622467.07,True,True,False,True,Standard,https://nilegreen.africa,info@nilegreen.africa,+232-60-5771,"Nile Green operates in agriculture from Lusaka, Zambia, serving local and regional markets.",4,2025-04-26
RMC-100147,Maji Lodge,Tourism & Hospitality,Kenya,Nairobi,2012,Growth,Pending,1,58.9,Silver,68,64,242775.23,740304.36,False,False,False,True,Latest,https://majilodge.africa,info@majilodge.africa,+235-36-8438,"Maji Lodge operates in tourism & hospitality from Nairobi, Kenya, serving local and regional markets.",0,2025-05-06
RMC-100148,Zuri Bio,Healthcare,Rwanda,Kigali,2023,Growth,Pending,2,82.1,Platinum,66,27,365554.42,0.0,True,False,False,True,Standard,https://zuribio.africa,info@zuribio.africa,+231-84-4241,"Zuri Bio operates in healthcare from Kigali, Rwanda, serving local and regional markets.",2,2025-08-23
RMC-100149,Savannah Construct,Construction & Real Estate,Ghana,Accra,2017,Mature,Pending,1,37.2,Bronze,68,12,211655.25,0.0,True,False,False,False,Standard,https://savannahconstruct.africa,info@savannahconstruct.africa,+233-19-5352,"Savannah Construct operates in construction & real estate from Accra, Ghana, serving local and regional markets.",2,2025-08-15
RMC-100150,Blue Soft,ICT / Software,Ethiopia,Addis Ababa,2019,Prototype,Verified,3,79.9,Gold,76,8,299.63,454256.21,False,True,True,True,Suggested,https://bluesoft.africa,info@bluesoft.africa,+222-76-5728,"Blue Soft operates in ict / software from Addis Ababa, Ethiopia, serving local and regional markets.",1,2025-06-17
RMC-100151,Nova Bites,Food & Beverage,Zimbabwe,Harare,2009,Early Revenue,Unverified,2,77.8,Gold,56,15,22244.37,0.0,True,False,True,True,Suggested,https://novabites.africa,info@novabites.africa,+235-38-7594,"Nova Bites operates in food & beverage from Harare, Zimbabwe, serving local and regional markets.",1,2025-07-07
RMC-100152,Savannah Wind,Energy & Renewables,Botswana,Gaborone,2017,Early Revenue,Pending,2,62.3,Silver,44,16,46206.97,218199.27,True,False,False,True,Standard,https://savannahwind.africa,info@savannahwind.africa,+227-10-1653,"Savannah Wind operates in energy & renewables from Gaborone, Botswana, serving local and regional markets.",2,2025-04-25
RMC-100153,Baobab Cloud,ICT / Software,Morocco,Casablanca,2013,Early Revenue,Pending,3,87.5,Platinum,61,12,71405.23,0.0,True,False,False,False,Suggested,https://baobabcloud.africa,info@baobabcloud.africa,+20-11-4750,"Baobab Cloud operates in ict / software from Casablanca, Morocco, serving local and regional markets.",1,2025-08-16
RMC-100154,Baobab Travel,Tourism & Hospitality,Algeria,Algiers,2014,Prototype,Pending,1,84.2,Platinum,47,62,91.23,387238.49,True,True,True,False,Latest,https://baobabtravel.africa,info@baobabtravel.africa,+234-34-1659,"Baobab Travel operates in tourism & hospitality from Algiers, Algeria, serving local and regional markets.",3,2025-07-20
RMC-100155,Savannah Urban,Construction & Real Estate,Namibia,Windhoek,2020,Early Revenue,Unverified,3,51.8,Silver,53,29,23742.66,1135646.06,True,True,False,True,Latest,https://savannahurban.africa,info@savannahurban.africa,+227-35-3973,"Savannah Urban operates in construction & real estate from Windhoek, Namibia, serving local and regional markets.",0,2025-06-23
RMC-100156,Sahara Mint,FinTech,Zambia,Lusaka,2012,Idea,Pending,2,59.2,Silver,81,5,68.98,0.0,False,False,True,False,Suggested,https://saharamint.africa,info@saharamint.africa,+212-60-6700,"Sahara Mint operates in fintech from Lusaka, Zambia, serving local and regional markets.",0,2025-06-18
RMC-100157,Atlas Brew,Food & Beverage,Morocco,Casablanca,2021,Early Revenue,Pending,2,62.0,Silver,62,29,43144.8,365127.87,True,True,False,False,Suggested,https://atlasbrew.africa,info@atlasbrew.africa,+213-20-6403,"Atlas Brew operates in food & beverage from Casablanca, Morocco, serving local and regional markets.",0,2025-07-11
RMC-100158,Zuri Remit,FinTech,Namibia,Windhoek,2017,Growth,Pending,2,45.2,Silver,70,13,216807.01,6376985.28,False,True,False,True,Standard,https://zuriremit.africa,info@zuriremit.africa,+225-97-1601,"Zuri Remit operates in fintech from Windhoek, Namibia, serving local and regional markets.",0,2025-05-11
RMC-100159,Atlas Clinic,Healthcare,Ethiopia,Addis Ababa,2018,Mature,Unverified,3,70.0,Gold,50,72,590284.41,11142684.55,False,False,False,True,Latest,https://atlasclinic.africa,info@atlasclinic.africa,+223-14-7622,"Atlas Clinic operates in healthcare from Addis Ababa, Ethiopia, serving local and regional markets.",0,2025-08-13
RMC-100160,Sahara Brick,Construction & Real Estate,Nigeria,Lagos,2015,Mature,Unverified,1,45.6,Silver,65,61,230405.83,0.0,True,False,False,False,Suggested,https://saharabrick.africa,info@saharabrick.africa,+227-52-1888,"Sahara Brick operates in construction & real estate from Lagos, Nigeria, serving local and regional markets.",3,2025-01-22
RMC-100161,Atlas Outlet,Retail & Ecommerce,Botswana,Gaborone,2009,Prototype,Verified,3,49.6,Silver,70,8,197.13,362217.23,False,False,True,True,Latest,https://atlasoutlet.africa,info@atlasoutlet.africa,+228-80-8242,"Atlas Outlet operates in retail & ecommerce from Gaborone, Botswana, serving local and regional markets.",2,2025-05-01
RMC-100162,Maji Harvest,Food & Beverage,Kenya,Nairobi,2014,Prototype,Pending,2,66.0,Gold,77,21,483.83,699086.01,True,False,False,False,Standard,https://majiharvest.africa,info@majiharvest.africa,+230-16-5719,"Maji Harvest operates in food & beverage from Nairobi, Kenya, serving local and regional markets.",0,2025-07-10
RMC-100163,Nova Foods,Food & Beverage,Namibia,Windhoek,2017,Idea,Pending,3,33.4,Bronze,51,31,13.52,89502.58,True,False,True,True,Standard,https://novafoods.africa,info@novafoods.africa,+233-77-4920,"Nova Foods operates in food & beverage from Windhoek, Namibia, serving local and regional markets.",0,2025-02-21
RMC-100164,Zuri Brick,Construction & Real Estate,Uganda,Kampala,2020,Early Revenue,Pending,1,52.4,Silver,43,20,15329.74,0.0,False,False,False,True,Suggested,https://zuribrick.africa,info@zuribrick.africa,+20-70-7684,"Zuri Brick operates in construction & real estate from Kampala, Uganda, serving local and regional markets.",1,2025-08-25
RMC-100165,Nova Makers,Manufacturing,Rwanda,Kigali,2023,Mature,Pending,2,48.4,Silver,64,41,307543.25,10444905.06,True,False,True,True,Suggested,https://novamakers.africa,info@novamakers.africa,+213-82-3522,"Nova Makers operates in manufacturing from Kigali, Rwanda, serving local and regional markets.",0,2025-06-12
RMC-100166,Savannah Remit,FinTech,Egypt,Cairo,2020,Early Revenue,Verified,3,56.3,Silver,73,10,42766.54,0.0,True,False,False,True,Standard,https://savannahremit.africa,info@savannahremit.africa,+221-53-8905,"Savannah Remit operates in fintech from Cairo, Egypt, serving local and regional markets.",4,2025-07-24
RMC-100167,Maji Makers,Manufacturing,Namibia,Windhoek,2016,Growth,Pending,1,57.5,Silver,65,91,90542.41,18479725.48,True,False,False,False,Latest,https://majimakers.africa,info@majimakers.africa,+230-18-7284,"Maji Makers operates in manufacturing from Windhoek, Namibia, serving local and regional markets.",1,2025-04-23
RMC-100168,Savannah Industries,Manufacturing,Mozambique,Maputo,2022,Early Revenue,Unverified,2,60.1,Silver,68,21,103405.1,215349.8,True,False,False,True,Standard,https://savannahindustries.africa,info@savannahindustries.africa,+214-08-5526,"Savannah Industries operates in manufacturing from Maputo, Mozambique, serving local and regional markets.",1,2025-04-28
RMC-100169,Savannah Harvest,Food & Beverage,Morocco,Casablanca,2011,Early Revenue,Pending,3,49.4,Silver,59,17,28547.14,208847.31,True,False,True,False,Suggested,https://savannahharvest.africa,info@savannahharvest.africa,+20-36-5891,"Savannah Harvest operates in food & beverage from Casablanca, Morocco, serving local and regional markets.",1,2025-07-03
RMC-100170,Sahara Makers,Manufacturing,Algeria,Algiers,2015,Early Revenue,Unverified,2,77.1,Gold,41,30,21134.53,0.0,False,True,False,False,Latest,https://saharamakers.africa,info@saharamakers.africa,+214-57-9824,"Sahara Makers operates in manufacturing from Algiers, Algeria, serving local and regional markets.",0,2025-03-01
RMC-100171,Atlas Brick,Construction & Real Estate,Côte d’Ivoire,Abidjan,2019,Growth,Unverified,2,48.6,Silver,72,50,104924.96,2685714.82,True,False,True,True,Standard,https://atlasbrick.africa,info@atlasbrick.africa,+230-48-8460,"Atlas Brick operates in construction & real estate from Abidjan, Côte d’Ivoire, serving local and regional markets.",1,2025-03-26
RMC-100172,Delta Construct,Construction & Real Estate,Tanzania,Dar es Salaam,2013,Growth,Unverified,2,49.0,Silver,80,29,93369.47,16390554.03,False,True,True,False,Standard,https://deltaconstruct.africa,info@deltaconstruct.africa,+231-49-4826,"Delta Construct operates in construction & real estate from Dar es Salaam, Tanzania, serving local and regional markets.",0,2025-07-20
RMC-100173,Atlas Urban,Construction & Real Estate,Kenya,Nairobi,2012,Growth,Verified,3,44.9,Bronze,73,21,124912.48,12182997.0,False,False,False,True,Latest,https://atlasurban.africa,info@atlasurban.africa,+228-90-7246,"Atlas Urban operates in construction & real estate from Nairobi, Kenya, serving local and regional markets.",2,2025-08-09
RMC-100174,Sahara Renew,Energy & Renewables,Cameroon,Douala,2023,Early Revenue,Pending,1,70.1,Gold,79,16,51526.45,1770691.46,False,True,True,False,Standard,https://sahararenew.africa,info@sahararenew.africa,+214-63-1606,"Sahara Renew operates in energy & renewables from Douala, Cameroon, serving local and regional markets.",0,2025-04-10
RMC-100175,Baobab Cart,Retail & Ecommerce,Botswana,Gaborone,2013,Prototype,Verified,3,75.5,Gold,98,28,351.07,0.0,True,False,False,False,Suggested,https://baobabcart.africa,info@baobabcart.africa,+213-56-2633,"Baobab Cart operates in retail & ecommerce from Gaborone, Botswana, serving local and regional markets.",2,2025-03-06
RMC-100176,Nile Shop,Retail & Ecommerce,Botswana,Gaborone,2012,Prototype,Verified,3,61.4,Silver,74,33,456.45,0.0,True,True,True,True,Standard,https://nileshop.africa,info@nileshop.africa,+214-52-3529,"Nile Shop operates in retail & ecommerce from Gaborone, Botswana, serving local and regional markets.",2,2025-04-15
RMC-100177,Nile Labs,Manufacturing,Ethiopia,Addis Ababa,2016,Early Revenue,Pending,3,57.8,Silver,50,13,84709.48,240674.52,False,False,False,False,Latest,https://nilelabs.africa,info@nilelabs.africa,+223-79-7512,"Nile Labs operates in manufacturing from Addis Ababa, Ethiopia, serving local and regional markets.",0,2025-05-03
RMC-100178,Atlas Brew,Food & Beverage,Ethiopia,Addis Ababa,2016,Growth,Verified,3,43.3,Bronze,54,24,168856.11,9618077.43,False,False,True,True,Suggested,https://atlasbrew.africa,info@atlasbrew.africa,+230-48-6188,"Atlas Brew operates in food & beverage from Addis Ababa, Ethiopia, serving local and regional markets.",1,2025-04-24
RMC-100179,Savannah Health,Healthcare,Namibia,Windhoek,2012,Early Revenue,Unverified,3,70.3,Gold,51,20,28556.39,757996.07,True,False,False,True,Standard,https://savannahhealth.africa,info@savannahhealth.africa,+232-08-4846,"Savannah Health operates in healthcare from Windhoek, Namibia, serving local and regional markets.",0,2025-06-12
RMC-100180,Maji Renew,Energy & Renewables,Egypt,Cairo,2013,Early Revenue,Verified,3,87.1,Platinum,66,15,81774.14,0.0,True,True,False,True,Suggested,https://majirenew.africa,info@majirenew.africa,+212-55-2612,"Maji Renew operates in energy & renewables from Cairo, Egypt, serving local and regional markets.",5,2025-04-12
RMC-100181,Nile Farms,Agriculture,Ghana,Accra,2014,Early Revenue,Verified,3,49.2,Silver,79,27,34782.72,262113.27,True,False,True,True,Latest,https://nilefarms.africa,info@nilefarms.africa,+235-38-1474,"Nile Farms operates in agriculture from Accra, Ghana, serving local and regional markets.",2,2025-02-18
RMC-100182,Atlas Works,Manufacturing,Kenya,Nairobi,2022,Growth,Verified,3,71.0,Gold,66,53,498657.97,783867.36,True,False,False,True,Standard,https://atlasworks.africa,info@atlasworks.africa,+222-45-7141,"Atlas Works operates in manufacturing from Nairobi, Kenya, serving local and regional markets.",2,2025-07-18
RMC-100183,Kora Energy,Energy & Renewables,Zambia,Lusaka,2013,Early Revenue,Verified,3,63.2,Silver,75,16,51156.94,0.0,False,False,False,True,Latest,https://koraenergy.africa,info@koraenergy.africa,+229-52-3950,"Kora Energy operates in energy & renewables from Lusaka, Zambia, serving local and regional markets.",3,2025-06-08
RMC-100184,Kora Works,Manufacturing,Uganda,Kampala,2009,Idea,Verified,3,44.1,Bronze,95,17,82.16,46273.97,True,True,False,True,Standard,https://koraworks.africa,info@koraworks.africa,+232-48-4945,"Kora Works operates in manufacturing from Kampala, Uganda, serving local and regional markets.",4,2025-01-10
RMC-100185,Baobab Move,Logistics & Mobility,Namibia,Windhoek,2018,Idea,Pending,2,60.9,Silver,61,9,103.87,0.0,False,True,False,False,Standard,https://baobabmove.africa,info@baobabmove.africa,+220-59-5161,"Baobab Move operates in logistics & mobility from Windhoek, Namibia, serving local and regional markets.",1,2025-07-19
RMC-100186,Sahara Build,Construction & Real Estate,Senegal,Dakar,2017,Early Revenue,Verified,3,82.7,Platinum,76,7,62671.09,794138.79,True,False,False,True,Standard,https://saharabuild.africa,info@saharabuild.africa,+227-36-9955,"Sahara Build operates in construction & real estate from Dakar, Senegal, serving local and regional markets.",2,2025-08-26
RMC-100187,Nova Data,ICT / Software,Uganda,Kampala,2013,Early Revenue,Unverified,3,79.1,Gold,55,14,51055.83,1063463.26,False,False,False,False,Suggested,https://novadata.africa,info@novadata.africa,+224-75-5901,"Nova Data operates in ict / software from Kampala, Uganda, serving local and regional markets.",1,2024-12-17
RMC-100188,Delta Labs,Manufacturing,Zambia,Lusaka,2018,Growth,Pending,2,43.8,Bronze,59,57,65329.12,0.0,True,False,True,True,Standard,https://deltalabs.africa,info@deltalabs.africa,+227-38-4263,"Delta Labs operates in manufacturing from Lusaka, Zambia, serving local and regional markets.",1,2024-12-14
RMC-100189,Nova Market,Retail & Ecommerce,Namibia,Windhoek,2020,Idea,Pending,3,63.0,Silver,64,14,84.57,0.0,False,False,False,True,Latest,https://novamarket.africa,info@novamarket.africa,+225-73-6881,"Nova Market operates in retail & ecommerce from Windhoek, Namibia, serving local and regional markets.",3,2025-08-02
RMC-100190,Delta Swift,Logistics & Mobility,Egypt,Cairo,2016,Idea,Unverified,2,22.4,Bronze,58,19,165.52,0.0,True,True,True,True,Suggested,https://deltaswift.africa,info@deltaswift.africa,+20-84-7484,"Delta Swift operates in logistics & mobility from Cairo, Egypt, serving local and regional markets.",1,2025-07-10
RMC-100191,Baobab Brew,Food & Beverage,Nigeria,Lagos,2010,Growth,Verified,3,62.7,Silver,78,101,79380.4,807695.47,False,False,True,True,Standard,https://baobabbrew.africa,info@baobabbrew.africa,+211-77-9138,"Baobab Brew operates in food & beverage from Lagos, Nigeria, serving local and regional markets.",5,2025-04-21
RMC-100192,Maji Outlet,Retail & Ecommerce,Egypt,Cairo,2018,Early Revenue,Pending,3,86.4,Platinum,78,7,16772.03,0.0,False,False,False,False,Standard,https://majioutlet.africa,info@majioutlet.africa,+224-28-4115,"Maji Outlet operates in retail & ecommerce from Cairo, Egypt, serving local and regional markets.",1,2025-09-04
RMC-100193,Sahara Mall,Retail & Ecommerce,Senegal,Dakar,2011,Early Revenue,Verified,3,66.7,Gold,86,10,51379.75,2772699.81,True,True,False,True,Suggested,https://saharamall.africa,info@saharamall.africa,+234-87-3240,"Sahara Mall operates in retail & ecommerce from Dakar, Senegal, serving local and regional markets.",2,2024-12-02
RMC-100194,Sahara Industries,Manufacturing,Ghana,Accra,2016,Mature,Unverified,1,79.9,Gold,73,31,255385.11,895404.09,False,False,True,True,Latest,https://saharaindustries.africa,info@saharaindustries.africa,+211-39-8222,"Sahara Industries operates in manufacturing from Accra, Ghana, serving local and regional markets.",3,2025-08-04
RMC-100195,Atlas Brew,Food & Beverage,Algeria,Algiers,2017,Prototype,Unverified,2,51.1,Silver,64,43,709.86,0.0,True,False,True,True,Standard,https://atlasbrew.africa,info@atlasbrew.africa,+214-11-5835,"Atlas Brew operates in food & beverage from Algiers, Algeria, serving local and regional markets.",2,2025-06-03
RMC-100196,Kora Market,Retail & Ecommerce,Zambia,Lusaka,2025,Prototype,Verified,3,71.7,Gold,73,8,670.07,629394.49,True,False,True,True,Standard,https://koramarket.africa,info@koramarket.africa,+214-69-6994,"Kora Market operates in retail & ecommerce from Lusaka, Zambia, serving local and regional markets.",2,2025-07-17
RMC-100197,Savannah Harvest,Agriculture,Botswana,Gaborone,2016,Early Revenue,Unverified,2,73.4,Gold,74,23,31467.97,1039921.09,False,True,False,True,Latest,https://savannahharvest.africa,info@savannahharvest.africa,+216-32-8894,"Savannah Harvest operates in agriculture from Gaborone, Botswana, serving local and regional markets.",0,2025-07-21
RMC-100198,Nova Makers,Manufacturing,Morocco,Casablanca,2009,Growth,Unverified,3,82.1,Platinum,53,29,262276.06,1590942.23,False,True,False,False,Suggested,https://novamakers.africa,info@novamakers.africa,+212-18-4696,"Nova Makers operates in manufacturing from Casablanca, Morocco, serving local and regional markets.",0,2025-09-01
RMC-100199,Savannah Harvest,Agriculture,Cameroon,Douala,2019,Growth,Verified,3,70.3,Gold,81,24,225582.74,0.0,True,False,False,True,Standard,https://savannahharvest.africa,info@savannahharvest.africa,+212-50-1228,"Savannah Harvest operates in agriculture from Douala, Cameroon, serving local and regional markets.",1,2025-05-30
